{"5":{"nbhd":[4,26,38,73],"min":[44.316779,5.461932],"max":[44.869506,6.953637]},"56":{"nbhd":[22,29,35,44],"min":[47.322115,-3.716563],"max":[48.122693,-2.129943]},"35":{"nbhd":[22,44,49,50,53,56],"min":[0.0,-2.194915],"max":[48.649248,1.0]},"55":{"nbhd":[8,51,52,54,88],"min":[48.458506,5.073633],"max":[49.486342,5.73689]},"60":{"nbhd":[2,27,76,77,80,95],"min":[49.133702,1.748069],"max":[49.710452,3.09116]},"30":{"nbhd":[7,12,13,26,34,48,84],"min":[43.547719,3.60347],"max":[44.403144,4.75506]},"32":{"nbhd":[31,40,47,64,65,82],"min":[43.353397,-0.122668],"max":[43.973527,1.10536]},"6":{"nbhd":[4,20,83],"min":[43.555886,6.813818],"max":[44.105238,7.441406]},"67":{"nbhd":[54,57,68,88],"min":[48.230336,7.078766],"max":[49.03632,8.010613]},"45":{"nbhd":[18,28,41,58,77,89,91],"min":[47.598449,1.553308],"max":[48.204045,3.030327]},"73":{"nbhd":[1,5,38,74],"min":[45.192391,5.674948],"max":[45.919938,6.65369]},"64":{"nbhd":[32,40,65],"min":[43.088087,-1.774458],"max":[43.571356,-0.040202]},"90":{"nbhd":[25,68,70,88],"min":[47.723143,6.92058],"max":[47.723143,6.92058]},"4":{"nbhd":[5,6,13,26,83,84],"min":[43.765559,5.589781],"max":[44.244743,6.859507]},"13":{"nbhd":[20,30,83,84],"min":[43.185815,4.583693],"max":[43.901065,5.682737]},"54":{"nbhd":[55,57,67,88],"min":[48.436681,5.678177],"max":[49.54224,6.957154]},"63":{"nbhd":[3,15,19,23,42,43],"min":[45.364486,2.608645],"max":[46.237924,3.783821]},"86":{"nbhd":[16,36,37,49,79,87],"min":[46.182766,0.067974],"max":[46.983578,0.977071]},"91":{"nbhd":[28,45,77,78,92,94],"min":[48.395532,2.067547],"max":[48.671439,2.474263]},"62":{"nbhd":[2,59,80],"min":[50.1448,1.585912],"max":[50.943245,3.173402]},"58":{"nbhd":[3,18,21,45,71,89],"min":[46.699458,2.882662],"max":[47.524281,4.119883]},"52":{"nbhd":[10,21,51,55,70,88],"min":[47.723146,4.699401],"max":[48.582937,5.528714]},"12":{"nbhd":[15,30,34,46,48,81,82],"min":[43.77264,1.959498],"max":[44.767771,3.358582]},"28":{"nbhd":[27,41,45,61,72,78,91],"min":[48.034969,0.91166],"max":[48.852774,1.842405]},"75":{"nbhd":[92,93,94],"min":[48.847523,2.295353],"max":[48.879849,2.401588]},"23":{"nbhd":[3,18,19,36,63,87],"min":[45.841517,1.540936],"max":[46.290449,2.543806]},"92":{"nbhd":[75,78,93,95],"min":[48.800897,2.235017],"max":[48.845649,2.291238]},"41":{"nbhd":[18,28,36,37,45,72],"min":[47.269609,0.689052],"max":[48.016113,2.032726]},"43":{"nbhd":[7,15,42,48,63,69],"min":[44.903354,3.359721],"max":[45.338418,4.39778]},"11":{"nbhd":[9,31,34,81],"min":[42.815862,1.751247],"max":[43.394747,3.05756]},"36":{"nbhd":[18,23,37,41,86,87],"min":[46.410248,0.944515],"max":[47.200642,2.131895]},"68":{"nbhd":[67,70,88,90],"min":[47.471508,6.995906],"max":[48.279165,7.57836]},"69":{"nbhd":[1,7,26,38,42,43,71],"min":[45.503848,4.404501],"max":[46.267062,5.106368]},"82":{"nbhd":[12,31,32,46,47,81],"min":[43.893961,0.919849],"max":[44.319669,1.89098]},"85":{"nbhd":[17,44,49,79],"min":[46.37431,-2.357893],"max":[47.023583,1.1046698744974506]},"39":{"nbhd":[1,21,25,70,71],"min":[46.364681,5.336677],"max":[47.247316,6.024736]},"84":{"nbhd":[4,7,13,26,30],"min":[43.689792,4.763699],"max":[44.393948,5.56091]},"77":{"nbhd":[2,10,45,51,60,89,91,93],"min":[48.151932,2.531708],"max":[49.059668,3.284435]},"7":{"nbhd":[26,30,38,43,48,69,84],"min":[44.308999,3.951457],"max":[45.28345,4.8775]},"25":{"nbhd":[39,70,90],"min":[46.745088,5.812676],"max":[47.541392,6.885986]},"95":{"nbhd":[27,60,78,92,93],"min":[48.988002,1.623154],"max":[49.173678,2.356252]},"71":{"nbhd":[1,3,21,39,42,58,69],"min":[46.214044,3.901758],"max":[47.058622,5.410393]},"66":{"nbhd":[9,11],"min":[42.384014,2.040643],"max":[42.81035,3.1147]},"76":{"nbhd":[27,60,80],"min":[49.358574,0.102921],"max":[49.948648,1.72014]},"34":{"nbhd":[11,12,30,81],"min":[43.271581,2.603088],"max":[43.931643,4.174576]},"50":{"nbhd":[14,35,53,61],"min":[48.592804,-1.526762],"max":[49.586781,-0.944308]},"59":{"nbhd":[2,8,62,80],"min":[50.029916,2.192365],"max":[51.027973,4.103741]},"93":{"nbhd":[77,92,94,95],"min":[48.883829,2.424116],"max":[48.941202,2.532201]},"2":{"nbhd":[8,51,59,60,77,80],"min":[48.885424,3.087369],"max":[49.968515,3.824389]},"10":{"nbhd":[21,51,52,77,89],"min":[48.071438,3.624503],"max":[48.547427,4.821144]},"18":{"nbhd":[3,23,36,41,45,58,89],"min":[46.434904,1.846594],"max":[47.304114,3.039498]},"26":{"nbhd":[4,5,7,38,69,84],"min":[44.204006,4.683598],"max":[45.262852,5.643745]},"27":{"nbhd":[14,28,60,61,76,78,95],"min":[48.739369,0.342918],"max":[49.430459,1.77961]},"42":{"nbhd":[3,43,63,69,71],"min":[45.342387,3.830071],"max":[46.187866,4.747263]},"87":{"nbhd":[16,19,23,24,86],"min":[45.51512,0.717455],"max":[46.306331,1.797794]},"79":{"nbhd":[16,17,49,85,86],"min":[46.077622,-0.797924],"max":[46.978278,-0.046421]},"16":{"nbhd":[17,24,79,86,87],"min":[45.521803,-0.318421],"max":[46.106293,0.873655]},"20":{"nbhd":[6,13,83],"min":[41.536021,8.726429],"max":[42.938256,9.422897]},"81":{"nbhd":[11,12,31,34,82],"min":[43.469596,1.64921],"max":[44.129484,2.856985]},"19":{"nbhd":[15,23,24,46,63,87],"min":[44.935119,1.28607],"max":[45.504068,2.499169]},"49":{"nbhd":[37,44,53,72,79,85,86],"min":[47.014494,-1.10849],"max":[47.694656,0.123939]},"44":{"nbhd":[35,49,53,56,85],"min":[46.953118,-2.429007],"max":[47.756415,-1.027634]},"9":{"nbhd":[11,31,66],"min":[42.881744,0.931716],"max":[43.237722,1.909892]},"31":{"nbhd":[9,11,32,65,81,82],"min":[43.02648,0.550818],"max":[43.846082,2.02181]},"74":{"nbhd":[1,73],"min":[45.75249,5.896494],"max":[46.372169,6.863556]},"61":{"nbhd":[14,27,28,50,53,72],"min":[48.288792,-0.736975],"max":[48.92828,0.876695]},"29":{"nbhd":[22,56],"min":[47.79439,-4.712631],"max":[48.719349,-3.492666]},"94":{"nbhd":[75,77,91,92,93],"min":[48.708474,2.411651],"max":[48.823001,2.569814]},"46":{"nbhd":[12,15,19,24,47,82],"min":[44.2462,1.138037],"max":[44.9671,2.07148]},"57":{"nbhd":[54,67,88],"min":[48.612541,5.947792],"max":[49.423677,7.393872]},"70":{"nbhd":[21,25,39,52,88,90],"min":[47.538079,6.103288],"max":[47.928318,6.43189]},"21":{"nbhd":[10,39,52,58,70,71,89],"min":[46.909557,4.2932],"max":[47.937303,5.252222]},"38":{"nbhd":[1,5,5,7,26,69,73],"min":[44.792999,4.795545],"max":[45.785844,5.988073]},"88":{"nbhd":[52,54,55,57,67,68,70,90],"min":[47.965417,5.57762],"max":[48.421265,7.011139]},"78":{"nbhd":[27,28,91,92,95],"min":[48.578632,1.657485],"max":[48.912449,2.186859]},"72":{"nbhd":[28,37,41,49,53,61],"min":[47.609681,-0.338895],"max":[48.237503,0.791344]},"24":{"nbhd":[16,17,19,33,46,47,87],"min":[44.637004,0.006338],"max":[45.638022,1.37603]},"8":{"nbhd":[2,51,55,59],"min":[49.290266,4.276433],"max":[50.127056,5.177395]},"17":{"nbhd":[16,33,79,85],"min":[45.181529,-1.529938],"max":[46.244885,-0.21045]},"37":{"nbhd":[36,41,49,72,86],"min":[46.873819,0.127821],"max":[47.649791,1.233656]},"1":{"nbhd":[38,39,69,71,73,74],"min":[45.75461,4.771382],"max":[46.438208,6.103364]},"53":{"nbhd":[35,44,49,50,61,72],"min":[47.786631,-1.039642],"max":[48.462044,-0.383439]},"22":{"nbhd":[29,35,56],"min":[48.169167,-3.61126],"max":[48.853966,-1.569433]},"47":{"nbhd":[24,32,33,40,46,82],"min":[44.135032,0.087937],"max":[44.731545,0.88057]},"83":{"nbhd":[4,6,13,20,84],"min":[43.073174,5.702469],"max":[43.761265,6.826724]},"89":{"nbhd":[10,21,45,58,77],"min":[47.48453,3.035624],"max":[48.243278,3.905945]},"14":{"nbhd":[27,50,61],"min":[48.866767,-1.063363],"max":[49.359697,0.40511]},"3":{"nbhd":[18,23,42,58,63,71],"min":[46.071758,2.475106],"max":[46.751774,3.802495]},"80":{"nbhd":[2,59,60,62,76],"min":[49.703986,1.501746],"max":[50.27341,2.644207]},"51":{"nbhd":[2,8,10,52,55,77],"min":[48.670141,3.645776],"max":[49.349143,4.972121]},"33":{"nbhd":[17,24,40,47],"min":[44.374493,-1.075772],"max":[45.221713,0.071549]},"40":{"nbhd":[32,33,47,64],"min":[43.540645,-1.43863],"max":[44.387305,-0.184988]},"48":{"nbhd":[7,12,15,30,43],"min":[44.147756,3.269753],"max":[44.830196,3.927]},"15":{"nbhd":[12,19,43,46,48,63],"min":[44.659004,2.246107],"max":[45.373385,3.198564]},"65":{"nbhd":[31,32,64],"min":[42.810155,-0.277671],