{"5":{"nbhd":[4,26,38,73],"min":[44.343654,5.769246],"max":[44.841763,6.50355]},"56":{"nbhd":[22,29,35,44],"min":[47.504284,-3.363143],"max":[48.122693,-2.188059]},"35":{"nbhd":[22,44,49,50,53,56],"min":[47.882453,-2.161507],"max":[48.581978,-1.102586]},"55":{"nbhd":[8,51,52,54,88],"min":[48.579744,5.073633],"max":[49.235076,5.67357]},"60":{"nbhd":[2,27,76,77,80,95],"min":[49.201478,1.785787],"max":[49.626224,3.062948]},"30":{"nbhd":[7,12,13,26,34,48,84],"min":[43.749384,3.778201],"max":[44.302434,4.628324]},"32":{"nbhd":[31,40,47,64,65,82],"min":[43.353397,0.265033],"max":[43.973527,0.910707]},"6":{"nbhd":[4,20,83],"min":[43.629592,6.818806],"max":[43.786338,7.337555]},"67":{"nbhd":[54,57,68,88],"min":[48.270055,7.138275],"max":[49.027916,7.825882]},"45":{"nbhd":[18,28,41,58,77,89,91],"min":[47.686715,1.994005],"max":[48.051007,2.923514]},"73":{"nbhd":[1,5,38,74],"min":[45.400616,5.745373],"max":[45.919938,6.503668]},"64":{"nbhd":[32,40,65],"min":[42.953499,-1.53099],"max":[43.571356,-0.040202]},"90":{"nbhd":[25,68,70,88],"min":[100.0,100.0],"max":[100.0,100.0]},"4":{"nbhd":[5,6,13,26,83,84],"min":[43.837875,5.589781],"max":[44.260808,6.323953]},"13":{"nbhd":[20,30,83,84],"min":[43.298447,4.790524],"max":[43.820911,5.682737]},"54":{"nbhd":[55,57,67,88],"min":[48.483883,5.764584],"max":[49.356549,6.957154]},"63":{"nbhd":[3,15,19,23,42,43],"min":[45.401056,2.608645],"max":[46.237924,3.651]},"86":{"nbhd":[16,36,37,49,79,87],"min":[46.182766,0.121998],"max":[46.983578,0.75624]},"91":{"nbhd":[28,45,77,78,92,94],"min":[48.451527,2.155191],"max":[48.451527,2.155191]},"62":{"nbhd":[2,59,80],"min":[50.18349,1.631665],"max":[50.932925,3.011329]},"58":{"nbhd":[3,18,21,45,71,89],"min":[46.699458,2.882662],"max":[47.524281,3.780123]},"52":{"nbhd":[10,21,51,55,70,88],"min":[47.860545,4.880379],"max":[48.24981,5.337595]},"12":{"nbhd":[15,30,34,46,48,81,82],"min":[43.911303,2.032387],"max":[44.742977,3.281786]},"28":{"nbhd":[27,41,45,61,72,78,91],"min":[48.133544,0.91166],"max":[48.810692,1.653912]},"75":{"nbhd":[92,93,94],"min":[48.84821,2.295353],"max":[48.852311,2.354214]},"23":{"nbhd":[3,18,19,36,63,87],"min":[45.902087,2.145951],"max":[46.145465,2.543806]},"92":{"nbhd":[75,78,93,95],"min":[100.0,100.0],"max":[100.0,100.0]},"41":{"nbhd":[18,28,36,37,45,72],"min":[47.336663,0.902261],"max":[47.870805,2.027549]},"43":{"nbhd":[7,15,42,48,63,69],"min":[45.016186,3.166093],"max":[45.338418,4.071611]},"11":{"nbhd":[9,31,34,81],"min":[42.815862,1.80191],"max":[43.394747,3.05756]},"36":{"nbhd":[18,23,37,41,86,87],"min":[46.410248,0.944515],"max":[47.200642,2.056192]},"68":{"nbhd":[67,70,88,90],"min":[47.471508,7.09521],"max":[48.243059,7.57836]},"69":{"nbhd":[1,7,26,38,42,43,71],"min":[45.578952,4.404501],"max":[46.199552,5.106368]},"82":{"nbhd":[12,31,32,46,47,81],"min":[43.893961,0.919849],"max":[44.271392,1.822537]},"85":{"nbhd":[17,44,49,79],"min":[46.37431,-2.357893],"max":[46.916086,-0.856382]},"39":{"nbhd":[1,21,25,70,71],"min":[46.377744,5.336677],"max":[47.247316,5.962872]},"84":{"nbhd":[4,7,13,26,30],"min":[43.746834,4.797887],"max":[44.238267,5.56091]},"77":{"nbhd":[2,10,45,51,60,89,91,93],"min":[48.396133,2.621751],"max":[48.968843,3.078967]},"7":{"nbhd":[26,30,38,43,48,69,84],"min":[44.441777,4.045869],"max":[45.048648,4.82241]},"25":{"nbhd":[39,70,90],"min":[46.745088,5.812676],"max":[47.523632,6.817156]},"95":{"nbhd":[27,60,78,92,93],"min":[48.988002,1.691285],"max":[49.121041,2.292628]},"71":{"nbhd":[1,3,21,39,42,58,69],"min":[46.214044,3.901758],"max":[46.878222,5.410393]},"66":{"nbhd":[9,11],"min":[42.488393,2.223696],"max":[42.81035,2.982885]},"76":{"nbhd":[27,60,80],"min":[49.425413,0.340029],"max":[49.891467,1.683878]},"34":{"nbhd":[11,12,30,81],"min":[43.271581,3.125179],"max":[43.929935,4.102274]},"50":{"nbhd":[14,35,53,61],"min":[48.592804,-1.511199],"max":[49.586781,-0.945294]},"59":{"nbhd":[2,8,62,80],"min":[50.040673,2.722219],"max":[50.681827,4.103741]},"93":{"nbhd":[77,92,94,95],"min":[48.883829,2.424116],"max":[48.883829,2.424116]},"2":{"nbhd":[8,51,59,60,77,80],"min":[48.885424,3.087369],"max":[49.968515,3.824389]},"10":{"nbhd":[21,51,52,77,89],"min":[48.071438,3.663965],"max":[48.479063,4.821144]},"18":{"nbhd":[3,23,36,41,45,58,89],"min":[46.723768,2.02667],"max":[47.26381,3.039498]},"26":{"nbhd":[4,5,7,38,69,84],"min":[44.204006,4.774339],"max":[45.143908,5.643745]},"27":{"nbhd":[14,28,60,61,76,78,95],"min":[49.013372,0.708381],"max":[49.354077,1.707655]},"42":{"nbhd":[3,43,63,69,71],"min":[45.342387,3.849618],"max":[46.187866,4.683164]},"87":{"nbhd":[16,19,23,24,86],"min":[45.51512,0.808706],"max":[45.773088,1.797794]},"79":{"nbhd":[16,17,49,85,86],"min":[46.077622,-0.797924],"max":[46.945292,-0.112144]},"16":{"nbhd":[17,24,79,86,87],"min":[45.521803,-0.295693],"max":[46.106293,0.775941]},"20":{"nbhd":[6,13,83],"min":[41.536021,8.971764],"max":[42.938256,9.389703]},"81":{"nbhd":[11,12,31,34,82],"min":[43.498,1.64921],"max":[44.129484,2.856985]},"19":{"nbhd":[15,23,24,46,63,87],"min":[44.997155,1.28607],"max":[45.506393,2.095449]},"49":{"nbhd":[37,44,53,72,79,85,86],"min":[47.132855,-0.986678],"max":[47.694656,0.010273]},"44":{"nbhd":[35,49,53,56,85],"min":[46.953118,-2.130513],"max":[47.756415,-1.027634]},"9":{"nbhd":[11,31,66],"min":[42.881744,0.931716],"max":[43.222202,1.875789]},"31":{"nbhd":[9,11,32,65,81,82],"min":[43.042633,0.59525],"max":[43.654453,1.966018]},"74":{"nbhd":[1,73],"min":[45.758543,5.896494],"max":[46.331567,6.531143]},"61":{"nbhd":[14,27,28,50,53,72],"min":[48.288792,-0.789598],"max":[48.827549,0.780518]},"29":{"nbhd":[22,56],"min":[47.86856,-4.712631],"max":[48.571126,-3.598014]},"94":{"nbhd":[75,77,91,92,93],"min":[48.823001,2.411651],"max":[48.823001,2.411651]},"46":{"nbhd":[12,15,19,24,47,82],"min":[44.2462,1.18172],"max":[44.9671,1.983197]},"57":{"nbhd":[54,67,88],"min":[48.979436,5.96908],"max":[49.423677,6.851513]},"70":{"nbhd":[21,25,39,52,88,90],"min":[47.538079,6.103288],"max":[47.923537,6.370255]},"21":{"nbhd":[10,39,52,58,70,71,89],"min":[46.909557,4.2932],"max":[47.937303,5.398005]},"38":{"nbhd":[1,5,5,7,26,69,73],"min":[44.950925,4.897322],"max":[45.762469,5.816028]},"88":{"nbhd":[52,54,55,57,67,68,70,90],"min":[47.965417,5.710157],"max":[48.421265,7.011139]},"78":{"nbhd":[27,28,91,92,95],"min":[48.765758,1.657485],"max":[48.912449,2.186859]},"72":{"nbhd":[28,37,41,49,53,61],"min":[47.609681,-0.338895],"max":[48.188648,0.653789]},"24":{"nbhd":[16,17,19,33,46,47,87],"min":[44.714352,0.006338],"max":[45.603582,1.247374]},"8":{"nbhd":[2,51,55,59],"min":[49.290266,4.276433],"max":[49.607808,5.177395]},"17":{"nbhd":[16,33,79,85],"min":[45.181529,-1.529938],"max":[46.244885,-0.21045]},"37":{"nbhd":[36,41,49,72,86],"min":[46.873819,0.127821],"max":[47.649791,0.999616]},"1":{"nbhd":[38,39,69,71,73,74],"min":[45.827263,4.780661],"max":[46.419521,6.103364]},"53":{"nbhd":[35,44,49,50,61,72],"min":[47.786631,-1.039642],"max":[48.416727,-0.383439]},"22":{"nbhd":[29,35,56],"min":[48.169167,-3.61126],"max":[48.84182,-1.569433]},"47":{"nbhd":[24,32,33,40,46,82],"min":[44.05487,0.274414],"max":[44.731545,0.88057]},"83":{"nbhd":[4,6,13,20,84],"min":[43.109565,5.714773],"max":[43.573132,6.675578]},"89":{"nbhd":[10,21,45,58,77],"min":[47.574843,3.035624],"max":[48.137922,3.660073]},"14":{"nbhd":[27,50,61],"min":[48.866767,-1.063363],"max":[49.351235,0.193545]},"3":{"nbhd":[18,23,42,58,63,71],"min":[46.105628,2.683697],"max":[46.751774,3.802495]},"80":{"nbhd":[2,59,60,62,76],"min":[49.73886,1.501746],"max":[50.319675,2.564639]},"51":{"nbhd":[2,8,10,52,55,77],"min":[48.670141,3.733088],"max":[49.107013,4.972121]},"33":{"nbhd":[17,24,40,47],"min":[44.590256,-1.04743],"max":[45.103674,-0.005466]},"40":{"nbhd":[32,33,47,64],"min":[43.565786,-1.43863],"max":[44.387305,-0.257918]},"48":{"nbhd":[7,12,15,30,43],"min":[44.182,3.351],"max":[44.779987,3.927]},"15":{"nbhd":[12,19,43,46,48,63],"min":[44.838554,2.718417],"max":[45.373385,3.112458]},"65":{"nbhd":[31,32,64],"min":[42.810155,-0.277671],"max":[43.507927,0.509831]}}